{"cameraMode":{"drawMode":0,"name":"Shaded","section":"Shading Mode"},"sceneLighting":true,"audioPlay":false,"sceneViewState":{"m_AlwaysRefresh":false,"showFog":true,"showSkybox":true,"showFlares":true,"showImageEffects":true,"showParticleSystems":true,"showVisualEffectGraphs":true,"m_FxEnabled":true},"in2DMode":false,"pivot":{"x":-3.443154811859131,"y":1.4535067081451417,"z":-2.2752251625061037},"rotation":{"x":-0.02283894456923008,"y":0.7273880243301392,"z":-0.02423831634223461,"w":-0.6854151487350464},"size":3.6546759605407717,"orthographic":false}