{"cameraMode":{"drawMode":0,"name":"Shaded","section":"Shading Mode"},"sceneLighting":false,"audioPlay":false,"sceneViewState":{"m_AlwaysRefresh":false,"showFog":false,"showSkybox":false,"showFlares":false,"showImageEffects":false,"showParticleSystems":false,"showVisualEffectGraphs":true,"m_FxEnabled":true},"in2DMode":false,"pivot":{"x":-0.021786391735076906,"y":0.7502762079238892,"z":0.021151572465896608},"rotation":{"x":-0.01447760034352541,"y":0.9805724620819092,"z":-0.17874589562416078,"w":-0.07930070161819458},"size":1.0578550100326539,"orthographic":false}